"login","password","title","lastname","firstname","gender","email","picture","address"
"fosterabigail","cheng","mrs","foster","abigail","female","abigail.foster60@example.com","http://api.randomuser.me/0.2/portraits/women/10.jpg","1851 saddle dr anna 69319"
"grahamallison","steel","ms","graham","allison","female","allison.graham70@example.com","http://api.randomuser.me/0.2/portraits/women/35.jpg","6697 rolling green rd colorado springs 56306"
"clarksusan","cameltoe","miss","clark","susan","female","susan.clark11@example.com","http://api.randomuser.me/0.2/portraits/women/33.jpg","3627 groveland terrace ennis 70832"
"howardnicholas","original","mr","howard","nicholas","male","nicholas.howard84@example.com","http://api.randomuser.me/0.2/portraits/men/14.jpg","7964 e center st van alstyne 19750"
"fordhannah","miami1","mrs","ford","hannah","female","hannah.ford29@example.com","http://api.randomuser.me/0.2/portraits/women/30.jpg","3916 pecan acres ln salem 61414"
"cartergenesis","england","mrs","carter","genesis","female","genesis.carter42@example.com","http://api.randomuser.me/0.2/portraits/women/35.jpg","1493 central st grapevine 16794"
"fosterkenzi","hellyeah","mrs","foster","kenzi","female","kenzi.foster37@example.com","http://api.randomuser.me/0.2/portraits/women/23.jpg","4204 spring st shiloh 50907"
"wrightkatie","easton","miss","wright","katie","female","katie.wright60@example.com","http://api.randomuser.me/0.2/portraits/women/22.jpg","7855 rolling green rd fountain valley 42328"
"leegavin","beaches","mr","lee","gavin","male","gavin.lee41@example.com","http://api.randomuser.me/0.2/portraits/men/3.jpg","6401 daisy dr colorado springs 75316"
"rossjane","tyler","miss","ross","jane","female","jane.ross42@example.com","http://api.randomuser.me/0.2/portraits/women/5.jpg","1979 pockrus page rd cupertino 64368"
"forddouglas","answer","mr","ford","douglas","male","douglas.ford43@example.com","http://api.randomuser.me/0.2/portraits/men/2.jpg","6303 spring st joliet 11553"
"riverashannon","alfa","mrs","rivera","shannon","female","shannon.rivera95@example.com","http://api.randomuser.me/0.2/portraits/women/29.jpg","3909 railroad st rochester 78868"
"watsonkenzi","brigitte","miss","watson","kenzi","female","kenzi.watson58@example.com","http://api.randomuser.me/0.2/portraits/women/3.jpg","5094 n stelling rd ironville 43693"
"myersisabella","allgood","miss","myers","isabella","female","isabella.myers69@example.com","http://api.randomuser.me/0.2/portraits/women/10.jpg","8883 groveland terrace cedar hill 38457"
"edwardsabigail","element","mrs","edwards","abigail","female","abigail.edwards34@example.com","http://api.randomuser.me/0.2/portraits/women/4.jpg","2840 brown terrace red bluff 47565"
"coxisaac","poon","mr","cox","isaac","male","isaac.cox28@example.com","http://api.randomuser.me/0.2/portraits/men/35.jpg","6092 marsh ln fremont 78549"
"jonesallison","bama","ms","jones","allison","female","allison.jones81@example.com","http://api.randomuser.me/0.2/portraits/women/23.jpg","7824 shady ln dr lousville 24000"
"sandersryan","dabears","mr","sanders","ryan","male","ryan.sanders19@example.com","http://api.randomuser.me/0.2/portraits/men/41.jpg","6673 ash dr roanoke 14327"
"martinezmark","slider","mr","martinez","mark","male","mark.martinez26@example.com","http://api.randomuser.me/0.2/portraits/men/44.jpg","7244 samaritan dr stockton 71418"
"kuhnmark","raven1","mr","kuhn","mark","male","mark.kuhn95@example.com","http://api.randomuser.me/0.2/portraits/men/15.jpg","5051 ranchview dr eureka 58057"
"grahamadrian","gina","mr","graham","adrian","male","adrian.graham60@example.com","http://api.randomuser.me/0.2/portraits/men/45.jpg","5516 washington ave ennis 63425"
"pattersonamanda","jamaica","miss","patterson","amanda","female","amanda.patterson61@example.com","http://api.randomuser.me/0.2/portraits/women/22.jpg","1575 e little york rd grand prairie 81870"
"leeelizabeth","castor","ms","lee","elizabeth","female","elizabeth.lee56@example.com","http://api.randomuser.me/0.2/portraits/women/28.jpg","4956 w gray st seymour 32611"
"fordamanda","hentai","miss","ford","amanda","female","amanda.ford21@example.com","http://api.randomuser.me/0.2/portraits/women/35.jpg","5337 saddle dr evansville 48204"
"perrykay","tyler1","mrs","perry","kay","female","kay.perry15@example.com","http://api.randomuser.me/0.2/portraits/women/20.jpg","1956 timber wolf trail north valley 79425"
"millerlandon","labia","mr","miller","landon","male","landon.miller95@example.com","http://api.randomuser.me/0.2/portraits/men/3.jpg","5220 w belt line rd indianapolis 81440"
"cooksusan","vixen","miss","cook","susan","female","susan.cook85@example.com","http://api.randomuser.me/0.2/portraits/women/14.jpg","1920 adams st pittsburgh 11793"
"williamsdylan","lizzie","mr","williams","dylan","male","dylan.williams12@example.com","http://api.randomuser.me/0.2/portraits/men/43.jpg","2136 camden ave lexington 34840"
"mitchellemary","lucille","miss","mitchelle","mary","female","mary.mitchelle36@example.com","http://api.randomuser.me/0.2/portraits/women/20.jpg","2939 mockingbird hill wichita falls 28542"
"johnsonstephen","babes","mr","johnson","stephen","male","stephen.johnson97@example.com","http://api.randomuser.me/0.2/portraits/men/20.jpg","5344 harrison ct las vegas 43981"
"washingtonritthy","a1b2c3d4","mr","washington","ritthy","male","ritthy.washington73@example.com","http://api.randomuser.me/0.2/portraits/men/17.jpg","3000 harrison ct altoona 42050"
"sullivankim","techniques","miss","sullivan","kim","female","kim.sullivan91@example.com","http://api.randomuser.me/0.2/portraits/women/32.jpg","7931 fincher rd new york 57273"
"scottdaniel","trainer","mr","scott","daniel","male","daniel.scott61@example.com","http://api.randomuser.me/0.2/portraits/men/5.jpg","7734 central st fayetteville 15951"
"kuhnisabella","caitlin","mrs","kuhn","isabella","female","isabella.kuhn58@example.com","http://api.randomuser.me/0.2/portraits/women/0.jpg","8239 homestead rd duncanville 35822"
"fordlucas","rimmer","mr","ford","lucas","male","lucas.ford93@example.com","http://api.randomuser.me/0.2/portraits/men/35.jpg","6670 spring st belen 74391"
"longpeter","insane","mr","long","peter","male","peter.long69@example.com","http://api.randomuser.me/0.2/portraits/men/39.jpg","2781 nowlin rd red oak 12073"
"youngaubrey","sharp","miss","young","aubrey","female","aubrey.young59@example.com","http://api.randomuser.me/0.2/portraits/women/13.jpg","1690 w belt line rd rochmond 30569"
"campbellkathy","tuscl","ms","campbell","kathy","female","kathy.campbell57@example.com","http://api.randomuser.me/0.2/portraits/women/24.jpg","6040 photinia ave salem 41262"
"davisnevaeh","roadking","ms","davis","nevaeh","female","nevaeh.davis16@example.com","http://api.randomuser.me/0.2/portraits/women/4.jpg","6236 n stelling rd salt lake city 36220"
"perryanthony","twilight","mr","perry","anthony","male","anthony.perry67@example.com","http://api.randomuser.me/0.2/portraits/men/46.jpg","2292 oak ridge ln altoona 74234"
"wrightisaac","zeus","mr","wright","isaac","male","isaac.wright29@example.com","http://api.randomuser.me/0.2/portraits/men/13.jpg","4784 e north st tacoma 37116"
"hallliam","ragnarok","mr","hall","liam","male","liam.hall25@example.com","http://api.randomuser.me/0.2/portraits/men/36.jpg","7885 valwood pkwy tacoma 63625"
"mitchelleisabella","rightnow","mrs","mitchelle","isabella","female","isabella.mitchelle88@example.com","http://api.randomuser.me/0.2/portraits/women/33.jpg","6694 ash dr frederick 13371"
"gonzaleslevi","karate","mr","gonzales","levi","male","levi.gonzales74@example.com","http://api.randomuser.me/0.2/portraits/men/45.jpg","1261 forest ln lewiston 43293"
"jacksonsarah","1236","miss","jackson","sarah","female","sarah.jackson65@example.com","http://api.randomuser.me/0.2/portraits/women/7.jpg","6827 taylor st stockton 77302"
"perryevan","whale","mr","perry","evan","male","evan.perry69@example.com","http://api.randomuser.me/0.2/portraits/men/22.jpg","4345 eason rd aubrey 64656"
"grahamharold","bonbon","mr","graham","harold","male","harold.graham54@example.com","http://api.randomuser.me/0.2/portraits/men/21.jpg","2562 prospect rd sacramento 76127"
"rodriquezgeorge","clevelan","mr","rodriquez","george","male","george.rodriquez83@example.com","http://api.randomuser.me/0.2/portraits/men/43.jpg","8382 plum st bernalillo 47378"
"scottcameron","isaac","mr","scott","cameron","male","cameron.scott69@example.com","http://api.randomuser.me/0.2/portraits/men/32.jpg","7236 walnut hill ln eureka 34972"
"mooremadison","robin","ms","moore","madison","female","madison.moore80@example.com","http://api.randomuser.me/0.2/portraits/women/32.jpg","4015 e little york rd shiloh 69658"
"sandersgabriel","jojo","mr","sanders","gabriel","male","gabriel.sanders85@example.com","http://api.randomuser.me/0.2/portraits/men/30.jpg","2733 white oak dr york 13882"
"hendersoncharlotte","lister","mrs","henderson","charlotte","female","charlotte.henderson71@example.com","http://api.randomuser.me/0.2/portraits/women/11.jpg","8144 e center st fountain valley 68292"
"rosssebastian","babycake","mr","ross","sebastian","male","sebastian.ross34@example.com","http://api.randomuser.me/0.2/portraits/men/39.jpg","3799 karen dr albuquerque 30284"
"evansgeorge","slick","mr","evans","george","male","george.evans13@example.com","http://api.randomuser.me/0.2/portraits/men/36.jpg","8825 wycliff ave addison 16150"
"clarkkim","bank","miss","clark","kim","female","kim.clark24@example.com","http://api.randomuser.me/0.2/portraits/women/9.jpg","4274 shady ln dr akron 45515"
"nelsonkristin","gate","miss","nelson","kristin","female","kristin.nelson69@example.com","http://api.randomuser.me/0.2/portraits/women/12.jpg","2497 parker rd seattle 14311"
"turnerrebecca","progress","miss","turner","rebecca","female","rebecca.turner94@example.com","http://api.randomuser.me/0.2/portraits/women/13.jpg","3742 green rd wilmington 81707"
"kellyleah","racer","mrs","kelly","leah","female","leah.kelly61@example.com","http://api.randomuser.me/0.2/portraits/women/18.jpg","1242 ash dr toledo 24297"
"harristhomas","travel","mr","harris","thomas","male","thomas.harris13@example.com","http://api.randomuser.me/0.2/portraits/men/6.jpg","7701 sunset st fresno 42090"
"fordwalter","tinkerbe","mr","ford","walter","male","walter.ford33@example.com","http://api.randomuser.me/0.2/portraits/men/6.jpg","5836 cherry st escondido 83210"
"parkeravery","jasmin","miss","parker","avery","female","avery.parker73@example.com","http://api.randomuser.me/0.2/portraits/women/7.jpg","4737 depaul dr yakima 71591"
"coxsandra","peace","mrs","cox","sandra","female","sandra.cox68@example.com","http://api.randomuser.me/0.2/portraits/women/32.jpg","4320 wycliff ave lewiston 45629"
"leewilliam","bastards","mr","lee","william","male","william.lee91@example.com","http://api.randomuser.me/0.2/portraits/men/39.jpg","6346 woodland st celina 52937"
"fosterjune","spiker","mrs","foster","june","female","june.foster74@example.com","http://api.randomuser.me/0.2/portraits/women/17.jpg","5834 bruce st vernon 28658"
"lewishunter","rush","mr","lewis","hunter","male","hunter.lewis54@example.com","http://api.randomuser.me/0.2/portraits/men/5.jpg","7250 royal ln portland 47491"
"howardronald","ramses","mr","howard","ronald","male","ronald.howard98@example.com","http://api.randomuser.me/0.2/portraits/men/24.jpg","8126 first street lancaster 48982"
"evanspeter","woodstoc","mr","evans","peter","male","peter.evans17@example.com","http://api.randomuser.me/0.2/portraits/men/11.jpg","1497 e little york rd buffalo 35740"
"scottlandon","peyton","mr","scott","landon","male","landon.scott35@example.com","http://api.randomuser.me/0.2/portraits/men/9.jpg","2418 prospect rd carrollton 61528"
"wardlinda","geheim","ms","ward","linda","female","linda.ward84@example.com","http://api.randomuser.me/0.2/portraits/women/30.jpg","2911 harrison ct richardson 50760"
"thompsonaiden","riley","mr","thompson","aiden","male","aiden.thompson91@example.com","http://api.randomuser.me/0.2/portraits/men/31.jpg","8170 lovers ln boise 60466"
"cookscarlett","dragonba","miss","cook","scarlett","female","scarlett.cook25@example.com","http://api.randomuser.me/0.2/portraits/women/20.jpg","4396 karen dr long beach 50213"
"greenarthur","just4me","mr","green","arthur","male","arthur.green67@example.com","http://api.randomuser.me/0.2/portraits/men/22.jpg","1969 central st long beach 26083"
"graypeyton","terefon","miss","gray","peyton","female","peyton.gray70@example.com","http://api.randomuser.me/0.2/portraits/women/19.jpg","7148 w sherman dr waxahachie 84174"
"clarkkaylee","fluffy","ms","clark","kaylee","female","kaylee.clark12@example.com","http://api.randomuser.me/0.2/portraits/women/20.jpg","4387 groveland terrace lewiston 43101"
"grayava","woofwoof","ms","gray","ava","female","ava.gray70@example.com","http://api.randomuser.me/0.2/portraits/women/11.jpg","1252 w belt line rd edgewood 71425"
"colemanlandon","cookies","mr","coleman","landon","male","landon.coleman20@example.com","http://api.randomuser.me/0.2/portraits/men/17.jpg","7305 elgin st fort collins 74777"
"pattersonjennifer","toolbox","ms","patterson","jennifer","female","jennifer.patterson70@example.com","http://api.randomuser.me/0.2/portraits/women/29.jpg","5649 w pecan st charlotte 73247"
"jenkinsmason","pain","mr","jenkins","mason","male","mason.jenkins96@example.com","http://api.randomuser.me/0.2/portraits/men/15.jpg","2269 mockingbird hill plano 38104"
"mooreserenity","tabasco","miss","moore","serenity","female","serenity.moore43@example.com","http://api.randomuser.me/0.2/portraits/women/6.jpg","4872 smokey ln hamsburg 65324"
"diazjordan","leonardo","mr","diaz","jordan","male","jordan.diaz41@example.com","http://api.randomuser.me/0.2/portraits/men/35.jpg","3113 valley view ln forney 57506"
"hamiltonjayden","theman","mr","hamilton","jayden","male","jayden.hamilton45@example.com","http://api.randomuser.me/0.2/portraits/men/21.jpg","6478 fairview st farmers branch 75389"
"kuhnalbert","jeremy1","mr","kuhn","albert","male","albert.kuhn43@example.com","http://api.randomuser.me/0.2/portraits/men/10.jpg","3513 taylor st altoona 16470"
"myersashley","bouncer","ms","myers","ashley","female","ashley.myers44@example.com","http://api.randomuser.me/0.2/portraits/women/23.jpg","6590 n stelling rd denver 24383"
"kuhnaiden","smithers","mr","kuhn","aiden","male","aiden.kuhn80@example.com","http://api.randomuser.me/0.2/portraits/men/29.jpg","4813 bollinger rd seagoville 60924"
"jonescandice","qwerqwer","mrs","jones","candice","female","candice.jones60@example.com","http://api.randomuser.me/0.2/portraits/women/21.jpg","1264 brown terrace cleveland 76693"
"griffindylan","janet","mr","griffin","dylan","male","dylan.griffin22@example.com","http://api.randomuser.me/0.2/portraits/men/30.jpg","8010 blossom hill rd york 42671"
"allenjessica","serenity","ms","allen","jessica","female","jessica.allen64@example.com","http://api.randomuser.me/0.2/portraits/women/6.jpg","5574 spring st lancaster 44500"
"evansbrooklyn","celeb","mrs","evans","brooklyn","female","brooklyn.evans37@example.com","http://api.randomuser.me/0.2/portraits/women/17.jpg","4132 ash dr roseburg 50071"
"johnsonjack","jian","mr","johnson","jack","male","jack.johnson47@example.com","http://api.randomuser.me/0.2/portraits/men/8.jpg","5337 hamilton ave providence 56747"
"riveralevi","danny1","mr","rivera","levi","male","levi.rivera63@example.com","http://api.randomuser.me/0.2/portraits/men/20.jpg","6549 fincher rd nampa 56842"
"alexanderchloe","philip","miss","alexander","chloe","female","chloe.alexander85@example.com","http://api.randomuser.me/0.2/portraits/women/18.jpg","4376 wheeler ridge dr princeton 57200"
"thomasbrooklyn","ninjas","miss","thomas","brooklyn","female","brooklyn.thomas12@example.com","http://api.randomuser.me/0.2/portraits/women/30.jpg","1672 lakeview st stanley 47533"
"parkernoah","sophie","mr","parker","noah","male","noah.parker98@example.com","http://api.randomuser.me/0.2/portraits/men/31.jpg","4128 mockingbird hill altoona 68156"
"scottgrace","warrior1","mrs","scott","grace","female","grace.scott91@example.com","http://api.randomuser.me/0.2/portraits/women/20.jpg","3534 e sandy lake rd shiloh 71489"
"reedcarl","1005","mr","reed","carl","male","carl.reed98@example.com","http://api.randomuser.me/0.2/portraits/men/0.jpg","1964 lakeshore rd albuquerque 84622"
"gonzalesthomas","roberts","mr","gonzales","thomas","male","thomas.gonzales30@example.com","http://api.randomuser.me/0.2/portraits/men/48.jpg","8799 e pecan st albuquerque 24923"
"thompsonsophie","qwertz","miss","thompson","sophie","female","sophie.thompson36@example.com","http://api.randomuser.me/0.2/portraits/women/23.jpg","8740 w dallas st evansville 10379"
"myersjessica","airforce","miss","myers","jessica","female","jessica.myers84@example.com","http://api.randomuser.me/0.2/portraits/women/21.jpg","7363 country club rd columbus 30408"
"thomasaddison","tabasco","miss","thomas","addison","female","addison.thomas52@example.com","http://api.randomuser.me/0.2/portraits/women/0.jpg","1965 plum st dumas 36860"
"hamiltonharold","tttt","mr","hamilton","harold","male","harold.hamilton82@example.com","http://api.randomuser.me/0.2/portraits/men/12.jpg","6791 samaritan dr greensboro 20141"
